Producto_ID,Producto
1,Producto 1
2,Producto 2
3,Producto 3
4,Producto 4
5,Producto 5
6,Producto 6
7,Producto 7
8,Producto 8
9,Producto 9
10,Producto 10
11,Producto 11
12,Producto 12
13,Producto 13
14,Producto 14
15,Producto 15
16,Producto 16
17,Producto 17
18,Producto 18
19,Producto 19
20,Producto 20
21,Producto 21
22,Producto 22
23,Producto 23
24,Producto 24
25,Producto 25
26,Producto 26
27,Producto 27
28,Producto 28
29,Producto 29
30,Producto 30
31,Producto 31
32,Producto 32
33,Producto 33
34,Producto 34
35,Producto 35
36,Producto 36
37,Producto 37
38,Producto 38
39,Producto 39
40,Producto 40
41,Producto 41
42,Producto 42
43,Producto 43
44,Producto 44
45,Producto 45
46,Producto 46
47,Producto 47
48,Producto 48
49,Producto 49
50,Producto 50
51,Producto 51
52,Producto 52
53,Producto 53
54,Producto 54
55,Producto 55
56,Producto 56
57,Producto 57
58,Producto 58
59,Producto 59
60,Producto 60
61,Producto 61
62,Producto 62
63,Producto 63
64,Producto 64
65,Producto 65
66,Producto 66
67,Producto 67
68,producto 101
